,artist_name,artist_id,track_name,track_id,track_popularity,user,area
0,Serú Girán,6CrQKZeuSKNYgrE7PeYqJ1,Cinema Verité,6Pc5YpUReYYToXJ23TmkLS,45,chacho Toydurmiendo,Data Analitycs
1,Ice Cube,3Mcii5XWf6E0lrY3Uky4cA,Ain't Got No Haters (feat. Too Short),3C2BKKKa7xrz2uWqIN1Mnh,62,chacho Toydurmiendo,Data Analitycs
2,Dillom,4cJD9t5QBFTUQcd3xfbOb2,PELOTUDA,65zh1W9YBpgGlS4G98mI0v,57,chacho Toydurmiendo,Data Analitycs
3,Ice Cube,3Mcii5XWf6E0lrY3Uky4cA,Until We Rich,6l3b8BOBDRDM1ne9fpOygz,55,chacho Toydurmiendo,Data Analitycs
4,Serú Girán,6CrQKZeuSKNYgrE7PeYqJ1,Eiti-Leda (Remasterizado 2021),6kbpMfsWlfpB2zFTDUH92f,44,chacho Toydurmiendo,Data Analitycs
5,Oasis,2DaxqgrOhkeH0fpeiQq2f4,Hello - Remastered,2LmwUKeGCJZUKHKwOrX3Xb,41,chacho Toydurmiendo,Data Analitycs
6,Serú Girán,6CrQKZeuSKNYgrE7PeYqJ1,Seminare (Remasterizado 2021),61zbxB39zUY5oxBvEvvMYv,58,chacho Toydurmiendo,Data Analitycs
7,Bizarrap,716NhGYqD1jl2wI1Qkgq36,"Dillom: Bzrp Music Sessions, Vol. 9",6Vwfjz5LsHKTYY5IzhKW2A,61,chacho Toydurmiendo,Data Analitycs
8,Dillom,4cJD9t5QBFTUQcd3xfbOb2,LA PRIMERA,4YKP5UKFofcfW7EMjIsVvG,61,chacho Toydurmiendo,Data Analitycs
9,Oasis,2DaxqgrOhkeH0fpeiQq2f4,"Some Might Say - Live at Knebworth, 11 August '96",7lx3aYyDWBaOujNhm7XhGM,34,chacho Toydurmiendo,Data Analitycs
10,Oasis,2DaxqgrOhkeH0fpeiQq2f4,Don't Look Back in Anger - Remastered,0UvCh63URrLFcPkKt99hHd,70,chacho Toydurmiendo,Data Analitycs
11,Sui Generis,5lCqW8vcd4TyTHzGIuKdH8,"Quizás, Porque",1qa1RJbrfCOZ8ptY73DzS1,48,chacho Toydurmiendo,Data Analitycs
12,Serú Girán,6CrQKZeuSKNYgrE7PeYqJ1,Canción De Alicia En El País - Remastered 2012,519WGo9DQCtYP72a7Lmprj,43,chacho Toydurmiendo,Data Analitycs
13,Ice Cube,3Mcii5XWf6E0lrY3Uky4cA,Why We Thugs,5880eYQmXx3c3oD22IljIt,64,chacho Toydurmiendo,Data Analitycs
14,Oasis,2DaxqgrOhkeH0fpeiQq2f4,"Roll with It - Live at Knebworth, 11 August '96",4EZg3XIoQLLMeO8gK5rDzi,32,chacho Toydurmiendo,Data Analitycs
15,Oasis,2DaxqgrOhkeH0fpeiQq2f4,Stand by Me,7aSSsHnGQ54rbMZpXApmtU,57,chacho Toydurmiendo,Data Analitycs
16,Oasis,2DaxqgrOhkeH0fpeiQq2f4,She's Electric - Remastered,02ePjHjIiszSYqeLykvpTN,51,chacho Toydurmiendo,Data Analitycs
17,Oasis,2DaxqgrOhkeH0fpeiQq2f4,"The Masterplan - Live at Knebworth, 10 August '96",1BaoPBo6zT6sOAc0pHIIj1,30,chacho Toydurmiendo,Data Analitycs
18,Oasis,2DaxqgrOhkeH0fpeiQq2f4,Champagne Supernova - Remastered,1wo3UYTeizJHkwYIuLuBPF,62,chacho Toydurmiendo,Data Analitycs
19,Oasis,2DaxqgrOhkeH0fpeiQq2f4,Cum On Feel The Noize - Remastered,21I2d2zrIHJNPeaeGG5J3Y,33,chacho Toydurmiendo,Data Analitycs
20,Oasis,2DaxqgrOhkeH0fpeiQq2f4,"Hello - Live at Knebworth, 11 August '96",37qTDOp7dvIYp6MBbABofC,33,chacho Toydurmiendo,Data Analitycs
21,Dillom,4cJD9t5QBFTUQcd3xfbOb2,ROCKETPOWERS,3z8rcgJdQo2g2G4VijeLpl,58,chacho Toydurmiendo,Data Analitycs
22,Oasis,2DaxqgrOhkeH0fpeiQq2f4,Wonderwall - Remastered,5qqabIl2vWzo9ApSC317sa,75,chacho Toydurmiendo,Data Analitycs
23,Oasis,2DaxqgrOhkeH0fpeiQq2f4,The Masterplan - Remastered,6Lcnoknad0SItzXiXUB1FF,42,chacho Toydurmiendo,Data Analitycs
24,Serú Girán,6CrQKZeuSKNYgrE7PeYqJ1,Parado En El Medio De La Vida,72bSY7XfA75eY33CMdUWUS,44,chacho Toydurmiendo,Data Analitycs
25,Serú Girán,6CrQKZeuSKNYgrE7PeYqJ1,Llorando En El Espejo,7wQLTfbEvHTuwuOgQ9Oomt,12,chacho Toydurmiendo,Data Analitycs
26,Oasis,2DaxqgrOhkeH0fpeiQq2f4,Songbird,7yDh4GJAoiAJJg2lPaSt4X,51,chacho Toydurmiendo,Data Analitycs
27,Ice Cube,3Mcii5XWf6E0lrY3Uky4cA,Hello,60uesDF4UyLUs61FgiDkdp,61,chacho Toydurmiendo,Data Analitycs
28,Oasis,2DaxqgrOhkeH0fpeiQq2f4,It's Better People - Remastered,2x4bx10t6R3ND7gQF2gOSy,30,chacho Toydurmiendo,Data Analitycs
29,Oasis,2DaxqgrOhkeH0fpeiQq2f4,"Live Forever - Live at Knebworth, 10 August '96",6wIbilcEpwjuDE8n9JMhSl,31,chacho Toydurmiendo,Data Analitycs
30,Oasis,2DaxqgrOhkeH0fpeiQq2f4,Hey Now - Remastered,0zc2UcrURBMVTyV7J0wrAP,40,chacho Toydurmiendo,Data Analitycs
31,Oasis,2DaxqgrOhkeH0fpeiQq2f4,Live Forever,1KgfeuVn5OlsBEtoEmBa1t,55,chacho Toydurmiendo,Data Analitycs
32,Oasis,2DaxqgrOhkeH0fpeiQq2f4,"Morning Glory - Live at Knebworth, 11 August '96",3b4GmwgSyVVClc48cUFhOp,33,chacho Toydurmiendo,Data Analitycs
33,Oasis,2DaxqgrOhkeH0fpeiQq2f4,"Cast No Shadow - Live at Knebworth, 10 August '96",4xLfzJywChjbzSk8kXUTuG,30,chacho Toydurmiendo,Data Analitycs
34,Oasis,2DaxqgrOhkeH0fpeiQq2f4,"My Big Mouth - Live at Knebworth, 10 August '96",6CMBAYqqVtquT42D8MaBVH,36,chacho Toydurmiendo,Data Analitycs
35,Oasis,2DaxqgrOhkeH0fpeiQq2f4,"Slide Away - Live at Knebworth, 11 August '96",7fUSME2N2Aiz7tH5Oog0Gj,34,chacho Toydurmiendo,Data Analitycs
36,Oasis,2DaxqgrOhkeH0fpeiQq2f4,Roll with It - Remastered,05CNnC9ugYgnJgg6fIgyeQ,45,chacho Toydurmiendo,Data Analitycs
37,Oasis,2DaxqgrOhkeH0fpeiQq2f4,Step Out - Remastered,0E8QuZqZjKe7agk7xUr0PC,32,chacho Toydurmiendo,Data Analitycs
38,Serú Girán,6CrQKZeuSKNYgrE7PeYqJ1,Cinema Verité,1DcRTgxscYvCBZaOGJ4MS8,11,chacho Toydurmiendo,Data Analitycs
39,Serú Girán,6CrQKZeuSKNYgrE7PeYqJ1,Nos Veremos Otra Vez,1FBdUVBQsG8suMoKaF3GOi,52,chacho Toydurmiendo,Data Analitycs
40,Oasis,2DaxqgrOhkeH0fpeiQq2f4,You've Got to Hide Your Love Away - Remastered,1V9Pf732OdBhGg2ATDbr0g,32,chacho Toydurmiendo,Data Analitycs
41,Oasis,2DaxqgrOhkeH0fpeiQq2f4,The Swamp Song - Remastered,1fegDwyryqzBNk7e0xyNiu,25,chacho Toydurmiendo,Data Analitycs
42,Oasis,2DaxqgrOhkeH0fpeiQq2f4,"Acquiesce - Live at Knebworth, 10 August '96",1nsdOS0xBB6d7WBxvg7Sl1,34,chacho Toydurmiendo,Data Analitycs
43,Oasis,2DaxqgrOhkeH0fpeiQq2f4,"Cigarettes & Alcohol - Live at Knebworth, 10 August '96",27ChiGRrlRpy7TxbdspIsF,31,chacho Toydurmiendo,Data Analitycs
44,Dillom,4cJD9t5QBFTUQcd3xfbOb2,OPA,2Z4FBa6hAEh7VTHYCqXy7P,59,chacho Toydurmiendo,Data Analitycs
45,Oasis,2DaxqgrOhkeH0fpeiQq2f4,"It's Gettin' Better (Man!!) - Live at Knebworth, 11 August '96",2unqfNWhRtEZNpGUCwzYsW,36,chacho Toydurmiendo,Data Analitycs
46,Oasis,2DaxqgrOhkeH0fpeiQq2f4,Champagne Supernova - Remastered,2zxXXdJUeW8TW3Irt2yLcE,33,chacho Toydurmiendo,Data Analitycs
47,Ice Cube,3Mcii5XWf6E0lrY3Uky4cA,You Can Do It,4NTn0Yo8hTGW5tbBANBzfh,60,chacho Toydurmiendo,Data Analitycs
48,Serú Girán,6CrQKZeuSKNYgrE7PeYqJ1,Salir De La Melancolía,4T9Elo8e4WcZzWm6PF3WgW,50,chacho Toydurmiendo,Data Analitycs
49,Oasis,2DaxqgrOhkeH0fpeiQq2f4,Round Are Way - Remastered,4VbvvkVr4i5ZDraIWH2z6W,30,chacho Toydurmiendo,Data Analitycs
50,Serú Girán,6CrQKZeuSKNYgrE7PeYqJ1,Cinema Verité,6Pc5YpUReYYToXJ23TmkLS,45,Romelu Lukaku,Digital Technology
51,Ice Cube,3Mcii5XWf6E0lrY3Uky4cA,Ain't Got No Haters (feat. Too Short),3C2BKKKa7xrz2uWqIN1Mnh,62,Romelu Lukaku,Digital Technology
52,Dillom,4cJD9t5QBFTUQcd3xfbOb2,PELOTUDA,65zh1W9YBpgGlS4G98mI0v,57,Romelu Lukaku,Digital Technology
53,Ice Cube,3Mcii5XWf6E0lrY3Uky4cA,Until We Rich,6l3b8BOBDRDM1ne9fpOygz,55,Romelu Lukaku,Digital Technology
54,Serú Girán,6CrQKZeuSKNYgrE7PeYqJ1,Eiti-Leda (Remasterizado 2021),6kbpMfsWlfpB2zFTDUH92f,44,Romelu Lukaku,Digital Technology
55,Oasis,2DaxqgrOhkeH0fpeiQq2f4,Hello - Remastered,2LmwUKeGCJZUKHKwOrX3Xb,41,Romelu Lukaku,Digital Technology
56,Serú Girán,6CrQKZeuSKNYgrE7PeYqJ1,Seminare (Remasterizado 2021),61zbxB39zUY5oxBvEvvMYv,58,Romelu Lukaku,Digital Technology
57,Bizarrap,716NhGYqD1jl2wI1Qkgq36,"Dillom: Bzrp Music Sessions, Vol. 9",6Vwfjz5LsHKTYY5IzhKW2A,61,Romelu Lukaku,Digital Technology
58,Dillom,4cJD9t5QBFTUQcd3xfbOb2,LA PRIMERA,4YKP5UKFofcfW7EMjIsVvG,61,Romelu Lukaku,Digital Technology
59,Oasis,2DaxqgrOhkeH0fpeiQq2f4,"Some Might Say - Live at Knebworth, 11 August '96",7lx3aYyDWBaOujNhm7XhGM,34,Romelu Lukaku,Digital Technology
60,Oasis,2DaxqgrOhkeH0fpeiQq2f4,Don't Look Back in Anger - Remastered,0UvCh63URrLFcPkKt99hHd,70,Romelu Lukaku,Digital Technology
61,Sui Generis,5lCqW8vcd4TyTHzGIuKdH8,"Quizás, Porque",1qa1RJbrfCOZ8ptY73DzS1,48,Romelu Lukaku,Digital Technology
62,Serú Girán,6CrQKZeuSKNYgrE7PeYqJ1,Canción De Alicia En El País - Remastered 2012,519WGo9DQCtYP72a7Lmprj,43,Romelu Lukaku,Digital Technology
63,Ice Cube,3Mcii5XWf6E0lrY3Uky4cA,Why We Thugs,5880eYQmXx3c3oD22IljIt,64,Romelu Lukaku,Digital Technology
64,Oasis,2DaxqgrOhkeH0fpeiQq2f4,"Roll with It - Live at Knebworth, 11 August '96",4EZg3XIoQLLMeO8gK5rDzi,32,Romelu Lukaku,Digital Technology
65,Oasis,2DaxqgrOhkeH0fpeiQq2f4,Stand by Me,7aSSsHnGQ54rbMZpXApmtU,57,Romelu Lukaku,Digital Technology
66,Oasis,2DaxqgrOhkeH0fpeiQq2f4,She's Electric - Remastered,02ePjHjIiszSYqeLykvpTN,51,Romelu Lukaku,Digital Technology
67,Oasis,2DaxqgrOhkeH0fpeiQq2f4,"The Masterplan - Live at Knebworth, 10 August '96",1BaoPBo6zT6sOAc0pHIIj1,30,Romelu Lukaku,Digital Technology
68,Oasis,2DaxqgrOhkeH0fpeiQq2f4,Champagne Supernova - Remastered,1wo3UYTeizJHkwYIuLuBPF,62,Romelu Lukaku,Digital Technology
69,Oasis,2DaxqgrOhkeH0fpeiQq2f4,Cum On Feel The Noize - Remastered,21I2d2zrIHJNPeaeGG5J3Y,33,Romelu Lukaku,Digital Technology
70,Oasis,2DaxqgrOhkeH0fpeiQq2f4,"Hello - Live at Knebworth, 11 August '96",37qTDOp7dvIYp6MBbABofC,33,Romelu Lukaku,Digital Technology
71,Dillom,4cJD9t5QBFTUQcd3xfbOb2,ROCKETPOWERS,3z8rcgJdQo2g2G4VijeLpl,58,Romelu Lukaku,Digital Technology
72,Oasis,2DaxqgrOhkeH0fpeiQq2f4,Wonderwall - Remastered,5qqabIl2vWzo9ApSC317sa,75,Romelu Lukaku,Digital Technology
73,Oasis,2DaxqgrOhkeH0fpeiQq2f4,The Masterplan - Remastered,6Lcnoknad0SItzXiXUB1FF,42,Romelu Lukaku,Digital Technology
74,Serú Girán,6CrQKZeuSKNYgrE7PeYqJ1,Parado En El Medio De La Vida,72bSY7XfA75eY33CMdUWUS,44,Romelu Lukaku,Digital Technology
75,Serú Girán,6CrQKZeuSKNYgrE7PeYqJ1,Llorando En El Espejo,7wQLTfbEvHTuwuOgQ9Oomt,12,Romelu Lukaku,Digital Technology
76,Oasis,2DaxqgrOhkeH0fpeiQq2f4,Songbird,7yDh4GJAoiAJJg2lPaSt4X,51,Romelu Lukaku,Digital Technology
77,Ice Cube,3Mcii5XWf6E0lrY3Uky4cA,Hello,60uesDF4UyLUs61FgiDkdp,61,Romelu Lukaku,Digital Technology
78,Oasis,2DaxqgrOhkeH0fpeiQq2f4,It's Better People - Remastered,2x4bx10t6R3ND7gQF2gOSy,30,Romelu Lukaku,Digital Technology
79,Oasis,2DaxqgrOhkeH0fpeiQq2f4,"Live Forever - Live at Knebworth, 10 August '96",6wIbilcEpwjuDE8n9JMhSl,31,Romelu Lukaku,Digital Technology
80,Oasis,2DaxqgrOhkeH0fpeiQq2f4,Hey Now - Remastered,0zc2UcrURBMVTyV7J0wrAP,40,Romelu Lukaku,Digital Technology
81,Oasis,2DaxqgrOhkeH0fpeiQq2f4,Live Forever,1KgfeuVn5OlsBEtoEmBa1t,55,Romelu Lukaku,Digital Technology
82,Oasis,2DaxqgrOhkeH0fpeiQq2f4,"Morning Glory - Live at Knebworth, 11 August '96",3b4GmwgSyVVClc48cUFhOp,33,Romelu Lukaku,Digital Technology
83,Oasis,2DaxqgrOhkeH0fpeiQq2f4,"Cast No Shadow - Live at Knebworth, 10 August '96",4xLfzJywChjbzSk8kXUTuG,30,Romelu Lukaku,Digital Technology
84,Oasis,2DaxqgrOhkeH0fpeiQq2f4,"My Big Mouth - Live at Knebworth, 10 August '96",6CMBAYqqVtquT42D8MaBVH,36,Romelu Lukaku,Digital Technology
85,Oasis,2DaxqgrOhkeH0fpeiQq2f4,"Slide Away - Live at Knebworth, 11 August '96",7fUSME2N2Aiz7tH5Oog0Gj,34,Romelu Lukaku,Digital Technology
86,Oasis,2DaxqgrOhkeH0fpeiQq2f4,Roll with It - Remastered,05CNnC9ugYgnJgg6fIgyeQ,45,Romelu Lukaku,Digital Technology
87,Oasis,2DaxqgrOhkeH0fpeiQq2f4,Step Out - Remastered,0E8QuZqZjKe7agk7xUr0PC,32,Romelu Lukaku,Digital Technology
88,Serú Girán,6CrQKZeuSKNYgrE7PeYqJ1,Cinema Verité,1DcRTgxscYvCBZaOGJ4MS8,11,Romelu Lukaku,Digital Technology
89,Serú Girán,6CrQKZeuSKNYgrE7PeYqJ1,Nos Veremos Otra Vez,1FBdUVBQsG8suMoKaF3GOi,52,Romelu Lukaku,Digital Technology
90,Oasis,2DaxqgrOhkeH0fpeiQq2f4,You've Got to Hide Your Love Away - Remastered,1V9Pf732OdBhGg2ATDbr0g,32,Romelu Lukaku,Digital Technology
91,Oasis,2DaxqgrOhkeH0fpeiQq2f4,The Swamp Song - Remastered,1fegDwyryqzBNk7e0xyNiu,25,Romelu Lukaku,Digital Technology
92,Oasis,2DaxqgrOhkeH0fpeiQq2f4,"Acquiesce - Live at Knebworth, 10 August '96",1nsdOS0xBB6d7WBxvg7Sl1,34,Romelu Lukaku,Digital Technology
93,Oasis,2DaxqgrOhkeH0fpeiQq2f4,"Cigarettes & Alcohol - Live at Knebworth, 10 August '96",27ChiGRrlRpy7TxbdspIsF,31,Romelu Lukaku,Digital Technology
94,Dillom,4cJD9t5QBFTUQcd3xfbOb2,OPA,2Z4FBa6hAEh7VTHYCqXy7P,59,Romelu Lukaku,Digital Technology
95,Oasis,2DaxqgrOhkeH0fpeiQq2f4,"It's Gettin' Better (Man!!) - Live at Knebworth, 11 August '96",2unqfNWhRtEZNpGUCwzYsW,36,Romelu Lukaku,Digital Technology
96,Oasis,2DaxqgrOhkeH0fpeiQq2f4,Champagne Supernova - Remastered,2zxXXdJUeW8TW3Irt2yLcE,33,Romelu Lukaku,Digital Technology
97,Ice Cube,3Mcii5XWf6E0lrY3Uky4cA,You Can Do It,4NTn0Yo8hTGW5tbBANBzfh,60,Romelu Lukaku,Digital Technology
98,Serú Girán,6CrQKZeuSKNYgrE7PeYqJ1,Salir De La Melancolía,4T9Elo8e4WcZzWm6PF3WgW,50,Romelu Lukaku,Digital Technology
99,Oasis,2DaxqgrOhkeH0fpeiQq2f4,Round Are Way - Remastered,4VbvvkVr4i5ZDraIWH2z6W,30,Romelu Lukaku,Digital Technology
100,Serú Girán,6CrQKZeuSKNYgrE7PeYqJ1,Cinema Verité,6Pc5YpUReYYToXJ23TmkLS,45,Kiliam Mbappe,Digital Technology
101,Ice Cube,3Mcii5XWf6E0lrY3Uky4cA,Ain't Got No Haters (feat. Too Short),3C2BKKKa7xrz2uWqIN1Mnh,62,Kiliam Mbappe,Digital Technology
102,Dillom,4cJD9t5QBFTUQcd3xfbOb2,PELOTUDA,65zh1W9YBpgGlS4G98mI0v,57,Kiliam Mbappe,Digital Technology
103,Ice Cube,3Mcii5XWf6E0lrY3Uky4cA,Until We Rich,6l3b8BOBDRDM1ne9fpOygz,55,Kiliam Mbappe,Digital Technology
104,Serú Girán,6CrQKZeuSKNYgrE7PeYqJ1,Eiti-Leda (Remasterizado 2021),6kbpMfsWlfpB2zFTDUH92f,44,Kiliam Mbappe,Digital Technology
105,Oasis,2DaxqgrOhkeH0fpeiQq2f4,Hello - Remastered,2LmwUKeGCJZUKHKwOrX3Xb,41,Kiliam Mbappe,Digital Technology
106,Serú Girán,6CrQKZeuSKNYgrE7PeYqJ1,Seminare (Remasterizado 2021),61zbxB39zUY5oxBvEvvMYv,58,Kiliam Mbappe,Digital Technology
107,Bizarrap,716NhGYqD1jl2wI1Qkgq36,"Dillom: Bzrp Music Sessions, Vol. 9",6Vwfjz5LsHKTYY5IzhKW2A,61,Kiliam Mbappe,Digital Technology
108,Dillom,4cJD9t5QBFTUQcd3xfbOb2,LA PRIMERA,4YKP5UKFofcfW7EMjIsVvG,61,Kiliam Mbappe,Digital Technology
109,Oasis,2DaxqgrOhkeH0fpeiQq2f4,"Some Might Say - Live at Knebworth, 11 August '96",7lx3aYyDWBaOujNhm7XhGM,34,Kiliam Mbappe,Digital Technology
110,Oasis,2DaxqgrOhkeH0fpeiQq2f4,Don't Look Back in Anger - Remastered,0UvCh63URrLFcPkKt99hHd,70,Kiliam Mbappe,Digital Technology
111,Sui Generis,5lCqW8vcd4TyTHzGIuKdH8,"Quizás, Porque",1qa1RJbrfCOZ8ptY73DzS1,48,Kiliam Mbappe,Digital Technology
112,Serú Girán,6CrQKZeuSKNYgrE7PeYqJ1,Canción De Alicia En El País - Remastered 2012,519WGo9DQCtYP72a7Lmprj,43,Kiliam Mbappe,Digital Technology
113,Ice Cube,3Mcii5XWf6E0lrY3Uky4cA,Why We Thugs,5880eYQmXx3c3oD22IljIt,64,Kiliam Mbappe,Digital Technology
114,Oasis,2DaxqgrOhkeH0fpeiQq2f4,"Roll with It - Live at Knebworth, 11 August '96",4EZg3XIoQLLMeO8gK5rDzi,32,Kiliam Mbappe,Digital Technology
115,Oasis,2DaxqgrOhkeH0fpeiQq2f4,Stand by Me,7aSSsHnGQ54rbMZpXApmtU,57,Kiliam Mbappe,Digital Technology
116,Oasis,2DaxqgrOhkeH0fpeiQq2f4,She's Electric - Remastered,02ePjHjIiszSYqeLykvpTN,51,Kiliam Mbappe,Digital Technology
117,Oasis,2DaxqgrOhkeH0fpeiQq2f4,"The Masterplan - Live at Knebworth, 10 August '96",1BaoPBo6zT6sOAc0pHIIj1,30,Kiliam Mbappe,Digital Technology
118,Oasis,2DaxqgrOhkeH0fpeiQq2f4,Champagne Supernova - Remastered,1wo3UYTeizJHkwYIuLuBPF,62,Kiliam Mbappe,Digital Technology
119,Oasis,2DaxqgrOhkeH0fpeiQq2f4,Cum On Feel The Noize - Remastered,21I2d2zrIHJNPeaeGG5J3Y,33,Kiliam Mbappe,Digital Technology
120,Oasis,2DaxqgrOhkeH0fpeiQq2f4,"Hello - Live at Knebworth, 11 August '96",37qTDOp7dvIYp6MBbABofC,33,Kiliam Mbappe,Digital Technology
121,Dillom,4cJD9t5QBFTUQcd3xfbOb2,ROCKETPOWERS,3z8rcgJdQo2g2G4VijeLpl,58,Kiliam Mbappe,Digital Technology
122,Oasis,2DaxqgrOhkeH0fpeiQq2f4,Wonderwall - Remastered,5qqabIl2vWzo9ApSC317sa,75,Kiliam Mbappe,Digital Technology
123,Oasis,2DaxqgrOhkeH0fpeiQq2f4,The Masterplan - Remastered,6Lcnoknad0SItzXiXUB1FF,42,Kiliam Mbappe,Digital Technology
124,Serú Girán,6CrQKZeuSKNYgrE7PeYqJ1,Parado En El Medio De La Vida,72bSY7XfA75eY33CMdUWUS,44,Kiliam Mbappe,Digital Technology
125,Serú Girán,6CrQKZeuSKNYgrE7PeYqJ1,Llorando En El Espejo,7wQLTfbEvHTuwuOgQ9Oomt,12,Kiliam Mbappe,Digital Technology
126,Oasis,2DaxqgrOhkeH0fpeiQq2f4,Songbird,7yDh4GJAoiAJJg2lPaSt4X,51,Kiliam Mbappe,Digital Technology
127,Ice Cube,3Mcii5XWf6E0lrY3Uky4cA,Hello,60uesDF4UyLUs61FgiDkdp,61,Kiliam Mbappe,Digital Technology
128,Oasis,2DaxqgrOhkeH0fpeiQq2f4,It's Better People - Remastered,2x4bx10t6R3ND7gQF2gOSy,30,Kiliam Mbappe,Digital Technology
129,Oasis,2DaxqgrOhkeH0fpeiQq2f4,"Live Forever - Live at Knebworth, 10 August '96",6wIbilcEpwjuDE8n9JMhSl,31,Kiliam Mbappe,Digital Technology
130,Oasis,2DaxqgrOhkeH0fpeiQq2f4,Hey Now - Remastered,0zc2UcrURBMVTyV7J0wrAP,40,Kiliam Mbappe,Digital Technology
131,Oasis,2DaxqgrOhkeH0fpeiQq2f4,Live Forever,1KgfeuVn5OlsBEtoEmBa1t,55,Kiliam Mbappe,Digital Technology
132,Oasis,2DaxqgrOhkeH0fpeiQq2f4,"Morning Glory - Live at Knebworth, 11 August '96",3b4GmwgSyVVClc48cUFhOp,33,Kiliam Mbappe,Digital Technology
133,Oasis,2DaxqgrOhkeH0fpeiQq2f4,"Cast No Shadow - Live at Knebworth, 10 August '96",4xLfzJywChjbzSk8kXUTuG,30,Kiliam Mbappe,Digital Technology
134,Oasis,2DaxqgrOhkeH0fpeiQq2f4,"My Big Mouth - Live at Knebworth, 10 August '96",6CMBAYqqVtquT42D8MaBVH,36,Kiliam Mbappe,Digital Technology
135,Oasis,2DaxqgrOhkeH0fpeiQq2f4,"Slide Away - Live at Knebworth, 11 August '96",7fUSME2N2Aiz7tH5Oog0Gj,34,Kiliam Mbappe,Digital Technology
136,Oasis,2DaxqgrOhkeH0fpeiQq2f4,Roll with It - Remastered,05CNnC9ugYgnJgg6fIgyeQ,45,Kiliam Mbappe,Digital Technology
137,Oasis,2DaxqgrOhkeH0fpeiQq2f4,Step Out - Remastered,0E8QuZqZjKe7agk7xUr0PC,32,Kiliam Mbappe,Digital Technology
138,Serú Girán,6CrQKZeuSKNYgrE7PeYqJ1,Cinema Verité,1DcRTgxscYvCBZaOGJ4MS8,11,Kiliam Mbappe,Digital Technology
139,Serú Girán,6CrQKZeuSKNYgrE7PeYqJ1,Nos Veremos Otra Vez,1FBdUVBQsG8suMoKaF3GOi,52,Kiliam Mbappe,Digital Technology
140,Oasis,2DaxqgrOhkeH0fpeiQq2f4,You've Got to Hide Your Love Away - Remastered,1V9Pf732OdBhGg2ATDbr0g,32,Kiliam Mbappe,Digital Technology
141,Oasis,2DaxqgrOhkeH0fpeiQq2f4,The Swamp Song - Remastered,1fegDwyryqzBNk7e0xyNiu,25,Kiliam Mbappe,Digital Technology
142,Oasis,2DaxqgrOhkeH0fpeiQq2f4,"Acquiesce - Live at Knebworth, 10 August '96",1nsdOS0xBB6d7WBxvg7Sl1,34,Kiliam Mbappe,Digital Technology
143,Oasis,2DaxqgrOhkeH0fpeiQq2f4,"Cigarettes & Alcohol - Live at Knebworth, 10 August '96",27ChiGRrlRpy7TxbdspIsF,31,Kiliam Mbappe,Digital Technology
144,Dillom,4cJD9t5QBFTUQcd3xfbOb2,OPA,2Z4FBa6hAEh7VTHYCqXy7P,59,Kiliam Mbappe,Digital Technology
145,Oasis,2DaxqgrOhkeH0fpeiQq2f4,"It's Gettin' Better (Man!!) - Live at Knebworth, 11 August '96",2unqfNWhRtEZNpGUCwzYsW,36,Kiliam Mbappe,Digital Technology
146,Oasis,2DaxqgrOhkeH0fpeiQq2f4,Champagne Supernova - Remastered,2zxXXdJUeW8TW3Irt2yLcE,33,Kiliam Mbappe,Digital Technology
147,Ice Cube,3Mcii5XWf6E0lrY3Uky4cA,You Can Do It,4NTn0Yo8hTGW5tbBANBzfh,60,Kiliam Mbappe,Digital Technology
148,Serú Girán,6CrQKZeuSKNYgrE7PeYqJ1,Salir De La Melancolía,4T9Elo8e4WcZzWm6PF3WgW,50,Kiliam Mbappe,Digital Technology
149,Oasis,2DaxqgrOhkeH0fpeiQq2f4,Round Are Way - Remastered,4VbvvkVr4i5ZDraIWH2z6W,30,Kiliam Mbappe,Digital Technology
150,Serú Girán,6CrQKZeuSKNYgrE7PeYqJ1,Cinema Verité,6Pc5YpUReYYToXJ23TmkLS,45,Ngolo Kante,Data Analitycs
151,Ice Cube,3Mcii5XWf6E0lrY3Uky4cA,Ain't Got No Haters (feat. Too Short),3C2BKKKa7xrz2uWqIN1Mnh,62,Ngolo Kante,Data Analitycs
152,Dillom,4cJD9t5QBFTUQcd3xfbOb2,PELOTUDA,65zh1W9YBpgGlS4G98mI0v,57,Ngolo Kante,Data Analitycs
153,Ice Cube,3Mcii5XWf6E0lrY3Uky4cA,Until We Rich,6l3b8BOBDRDM1ne9fpOygz,55,Ngolo Kante,Data Analitycs
154,Serú Girán,6CrQKZeuSKNYgrE7PeYqJ1,Eiti-Leda (Remasterizado 2021),6kbpMfsWlfpB2zFTDUH92f,44,Ngolo Kante,Data Analitycs
155,Oasis,2DaxqgrOhkeH0fpeiQq2f4,Hello - Remastered,2LmwUKeGCJZUKHKwOrX3Xb,41,Ngolo Kante,Data Analitycs
156,Serú Girán,6CrQKZeuSKNYgrE7PeYqJ1,Seminare (Remasterizado 2021),61zbxB39zUY5oxBvEvvMYv,58,Ngolo Kante,Data Analitycs
157,Bizarrap,716NhGYqD1jl2wI1Qkgq36,"Dillom: Bzrp Music Sessions, Vol. 9",6Vwfjz5LsHKTYY5IzhKW2A,61,Ngolo Kante,Data Analitycs
158,Dillom,4cJD9t5QBFTUQcd3xfbOb2,LA PRIMERA,4YKP5UKFofcfW7EMjIsVvG,61,Ngolo Kante,Data Analitycs
159,Oasis,2DaxqgrOhkeH0fpeiQq2f4,"Some Might Say - Live at Knebworth, 11 August '96",7lx3aYyDWBaOujNhm7XhGM,34,Ngolo Kante,Data Analitycs
160,Oasis,2DaxqgrOhkeH0fpeiQq2f4,Don't Look Back in Anger - Remastered,0UvCh63URrLFcPkKt99hHd,70,Ngolo Kante,Data Analitycs
161,Sui Generis,5lCqW8vcd4TyTHzGIuKdH8,"Quizás, Porque",1qa1RJbrfCOZ8ptY73DzS1,48,Ngolo Kante,Data Analitycs
162,Serú Girán,6CrQKZeuSKNYgrE7PeYqJ1,Canción De Alicia En El País - Remastered 2012,519WGo9DQCtYP72a7Lmprj,43,Ngolo Kante,Data Analitycs
163,Ice Cube,3Mcii5XWf6E0lrY3Uky4cA,Why We Thugs,5880eYQmXx3c3oD22IljIt,64,Ngolo Kante,Data Analitycs
164,Oasis,2DaxqgrOhkeH0fpeiQq2f4,"Roll with It - Live at Knebworth, 11 August '96",4EZg3XIoQLLMeO8gK5rDzi,32,Ngolo Kante,Data Analitycs
165,Oasis,2DaxqgrOhkeH0fpeiQq2f4,Stand by Me,7aSSsHnGQ54rbMZpXApmtU,57,Ngolo Kante,Data Analitycs
166,Oasis,2DaxqgrOhkeH0fpeiQq2f4,She's Electric - Remastered,02ePjHjIiszSYqeLykvpTN,51,Ngolo Kante,Data Analitycs
167,Oasis,2DaxqgrOhkeH0fpeiQq2f4,"The Masterplan - Live at Knebworth, 10 August '96",1BaoPBo6zT6sOAc0pHIIj1,30,Ngolo Kante,Data Analitycs
168,Oasis,2DaxqgrOhkeH0fpeiQq2f4,Champagne Supernova - Remastered,1wo3UYTeizJHkwYIuLuBPF,62,Ngolo Kante,Data Analitycs
169,Oasis,2DaxqgrOhkeH0fpeiQq2f4,Cum On Feel The Noize - Remastered,21I2d2zrIHJNPeaeGG5J3Y,33,Ngolo Kante,Data Analitycs
170,Oasis,2DaxqgrOhkeH0fpeiQq2f4,"Hello - Live at Knebworth, 11 August '96",37qTDOp7dvIYp6MBbABofC,33,Ngolo Kante,Data Analitycs
171,Dillom,4cJD9t5QBFTUQcd3xfbOb2,ROCKETPOWERS,3z8rcgJdQo2g2G4VijeLpl,58,Ngolo Kante,Data Analitycs
172,Oasis,2DaxqgrOhkeH0fpeiQq2f4,Wonderwall - Remastered,5qqabIl2vWzo9ApSC317sa,75,Ngolo Kante,Data Analitycs
173,Oasis,2DaxqgrOhkeH0fpeiQq2f4,The Masterplan - Remastered,6Lcnoknad0SItzXiXUB1FF,42,Ngolo Kante,Data Analitycs
174,Serú Girán,6CrQKZeuSKNYgrE7PeYqJ1,Parado En El Medio De La Vida,72bSY7XfA75eY33CMdUWUS,44,Ngolo Kante,Data Analitycs
175,Serú Girán,6CrQKZeuSKNYgrE7PeYqJ1,Llorando En El Espejo,7wQLTfbEvHTuwuOgQ9Oomt,12,Ngolo Kante,Data Analitycs
176,Oasis,2DaxqgrOhkeH0fpeiQq2f4,Songbird,7yDh4GJAoiAJJg2lPaSt4X,51,Ngolo Kante,Data Analitycs
177,Ice Cube,3Mcii5XWf6E0lrY3Uky4cA,Hello,60uesDF4UyLUs61FgiDkdp,61,Ngolo Kante,Data Analitycs
178,Oasis,2DaxqgrOhkeH0fpeiQq2f4,It's Better People - Remastered,2x4bx10t6R3ND7gQF2gOSy,30,Ngolo Kante,Data Analitycs
179,Oasis,2DaxqgrOhkeH0fpeiQq2f4,"Live Forever - Live at Knebworth, 10 August '96",6wIbilcEpwjuDE8n9JMhSl,31,Ngolo Kante,Data Analitycs
180,Oasis,2DaxqgrOhkeH0fpeiQq2f4,Hey Now - Remastered,0zc2UcrURBMVTyV7J0wrAP,40,Ngolo Kante,Data Analitycs
181,Oasis,2DaxqgrOhkeH0fpeiQq2f4,Live Forever,1KgfeuVn5OlsBEtoEmBa1t,55,Ngolo Kante,Data Analitycs
182,Oasis,2DaxqgrOhkeH0fpeiQq2f4,"Morning Glory - Live at Knebworth, 11 August '96",3b4GmwgSyVVClc48cUFhOp,33,Ngolo Kante,Data Analitycs
183,Oasis,2DaxqgrOhkeH0fpeiQq2f4,"Cast No Shadow - Live at Knebworth, 10 August '96",4xLfzJywChjbzSk8kXUTuG,30,Ngolo Kante,Data Analitycs
184,Oasis,2DaxqgrOhkeH0fpeiQq2f4,"My Big Mouth - Live at Knebworth, 10 August '96",6CMBAYqqVtquT42D8MaBVH,36,Ngolo Kante,Data Analitycs
185,Oasis,2DaxqgrOhkeH0fpeiQq2f4,"Slide Away - Live at Knebworth, 11 August '96",7fUSME2N2Aiz7tH5Oog0Gj,34,Ngolo Kante,Data Analitycs
186,Oasis,2DaxqgrOhkeH0fpeiQq2f4,Roll with It - Remastered,05CNnC9ugYgnJgg6fIgyeQ,45,Ngolo Kante,Data Analitycs
187,Oasis,2DaxqgrOhkeH0fpeiQq2f4,Step Out - Remastered,0E8QuZqZjKe7agk7xUr0PC,32,Ngolo Kante,Data Analitycs
188,Serú Girán,6CrQKZeuSKNYgrE7PeYqJ1,Cinema Verité,1DcRTgxscYvCBZaOGJ4MS8,11,Ngolo Kante,Data Analitycs
189,Serú Girán,6CrQKZeuSKNYgrE7PeYqJ1,Nos Veremos Otra Vez,1FBdUVBQsG8suMoKaF3GOi,52,Ngolo Kante,Data Analitycs
190,Oasis,2DaxqgrOhkeH0fpeiQq2f4,You've Got to Hide Your Love Away - Remastered,1V9Pf732OdBhGg2ATDbr0g,32,Ngolo Kante,Data Analitycs
191,Oasis,2DaxqgrOhkeH0fpeiQq2f4,The Swamp Song - Remastered,1fegDwyryqzBNk7e0xyNiu,25,Ngolo Kante,Data Analitycs
192,Oasis,2DaxqgrOhkeH0fpeiQq2f4,"Acquiesce - Live at Knebworth, 10 August '96",1nsdOS0xBB6d7WBxvg7Sl1,34,Ngolo Kante,Data Analitycs
193,Oasis,2DaxqgrOhkeH0fpeiQq2f4,"Cigarettes & Alcohol - Live at Knebworth, 10 August '96",27ChiGRrlRpy7TxbdspIsF,31,Ngolo Kante,Data Analitycs
194,Dillom,4cJD9t5QBFTUQcd3xfbOb2,OPA,2Z4FBa6hAEh7VTHYCqXy7P,59,Ngolo Kante,Data Analitycs
195,Oasis,2DaxqgrOhkeH0fpeiQq2f4,"It's Gettin' Better (Man!!) - Live at Knebworth, 11 August '96",2unqfNWhRtEZNpGUCwzYsW,36,Ngolo Kante,Data Analitycs
196,Oasis,2DaxqgrOhkeH0fpeiQq2f4,Champagne Supernova - Remastered,2zxXXdJUeW8TW3Irt2yLcE,33,Ngolo Kante,Data Analitycs
197,Ice Cube,3Mcii5XWf6E0lrY3Uky4cA,You Can Do It,4NTn0Yo8hTGW5tbBANBzfh,60,Ngolo Kante,Data Analitycs
198,Serú Girán,6CrQKZeuSKNYgrE7PeYqJ1,Salir De La Melancolía,4T9Elo8e4WcZzWm6PF3WgW,50,Ngolo Kante,Data Analitycs
199,Oasis,2DaxqgrOhkeH0fpeiQq2f4,Round Are Way - Remastered,4VbvvkVr4i5ZDraIWH2z6W,30,Ngolo Kante,Data Analitycs
200,Serú Girán,6CrQKZeuSKNYgrE7PeYqJ1,Cinema Verité,6Pc5YpUReYYToXJ23TmkLS,45,Carusso Lombardi,Data Analitycs
201,Ice Cube,3Mcii5XWf6E0lrY3Uky4cA,Ain't Got No Haters (feat. Too Short),3C2BKKKa7xrz2uWqIN1Mnh,62,Carusso Lombardi,Data Analitycs
202,Dillom,4cJD9t5QBFTUQcd3xfbOb2,PELOTUDA,65zh1W9YBpgGlS4G98mI0v,57,Carusso Lombardi,Data Analitycs
203,Ice Cube,3Mcii5XWf6E0lrY3Uky4cA,Until We Rich,6l3b8BOBDRDM1ne9fpOygz,55,Carusso Lombardi,Data Analitycs
204,Serú Girán,6CrQKZeuSKNYgrE7PeYqJ1,Eiti-Leda (Remasterizado 2021),6kbpMfsWlfpB2zFTDUH92f,44,Carusso Lombardi,Data Analitycs
205,Oasis,2DaxqgrOhkeH0fpeiQq2f4,Hello - Remastered,2LmwUKeGCJZUKHKwOrX3Xb,41,Carusso Lombardi,Data Analitycs
206,Serú Girán,6CrQKZeuSKNYgrE7PeYqJ1,Seminare (Remasterizado 2021),61zbxB39zUY5oxBvEvvMYv,58,Carusso Lombardi,Data Analitycs
207,Bizarrap,716NhGYqD1jl2wI1Qkgq36,"Dillom: Bzrp Music Sessions, Vol. 9",6Vwfjz5LsHKTYY5IzhKW2A,61,Carusso Lombardi,Data Analitycs
208,Dillom,4cJD9t5QBFTUQcd3xfbOb2,LA PRIMERA,4YKP5UKFofcfW7EMjIsVvG,61,Carusso Lombardi,Data Analitycs
209,Oasis,2DaxqgrOhkeH0fpeiQq2f4,"Some Might Say - Live at Knebworth, 11 August '96",7lx3aYyDWBaOujNhm7XhGM,34,Carusso Lombardi,Data Analitycs
210,Oasis,2DaxqgrOhkeH0fpeiQq2f4,Don't Look Back in Anger - Remastered,0UvCh63URrLFcPkKt99hHd,70,Carusso Lombardi,Data Analitycs
211,Sui Generis,5lCqW8vcd4TyTHzGIuKdH8,"Quizás, Porque",1qa1RJbrfCOZ8ptY73DzS1,48,Carusso Lombardi,Data Analitycs
212,Serú Girán,6CrQKZeuSKNYgrE7PeYqJ1,Canción De Alicia En El País - Remastered 2012,519WGo9DQCtYP72a7Lmprj,43,Carusso Lombardi,Data Analitycs
213,Ice Cube,3Mcii5XWf6E0lrY3Uky4cA,Why We Thugs,5880eYQmXx3c3oD22IljIt,64,Carusso Lombardi,Data Analitycs
214,Oasis,2DaxqgrOhkeH0fpeiQq2f4,"Roll with It - Live at Knebworth, 11 August '96",4EZg3XIoQLLMeO8gK5rDzi,32,Carusso Lombardi,Data Analitycs
215,Oasis,2DaxqgrOhkeH0fpeiQq2f4,Stand by Me,7aSSsHnGQ54rbMZpXApmtU,57,Carusso Lombardi,Data Analitycs
216,Oasis,2DaxqgrOhkeH0fpeiQq2f4,She's Electric - Remastered,02ePjHjIiszSYqeLykvpTN,51,Carusso Lombardi,Data Analitycs
217,Oasis,2DaxqgrOhkeH0fpeiQq2f4,"The Masterplan - Live at Knebworth, 10 August '96",1BaoPBo6zT6sOAc0pHIIj1,30,Carusso Lombardi,Data Analitycs
218,Oasis,2DaxqgrOhkeH0fpeiQq2f4,Champagne Supernova - Remastered,1wo3UYTeizJHkwYIuLuBPF,62,Carusso Lombardi,Data Analitycs
219,Oasis,2DaxqgrOhkeH0fpeiQq2f4,Cum On Feel The Noize - Remastered,21I2d2zrIHJNPeaeGG5J3Y,33,Carusso Lombardi,Data Analitycs
220,Oasis,2DaxqgrOhkeH0fpeiQq2f4,"Hello - Live at Knebworth, 11 August '96",37qTDOp7dvIYp6MBbABofC,33,Carusso Lombardi,Data Analitycs
221,Dillom,4cJD9t5QBFTUQcd3xfbOb2,ROCKETPOWERS,3z8rcgJdQo2g2G4VijeLpl,58,Carusso Lombardi,Data Analitycs
222,Oasis,2DaxqgrOhkeH0fpeiQq2f4,Wonderwall - Remastered,5qqabIl2vWzo9ApSC317sa,75,Carusso Lombardi,Data Analitycs
223,Oasis,2DaxqgrOhkeH0fpeiQq2f4,The Masterplan - Remastered,6Lcnoknad0SItzXiXUB1FF,42,Carusso Lombardi,Data Analitycs
224,Serú Girán,6CrQKZeuSKNYgrE7PeYqJ1,Parado En El Medio De La Vida,72bSY7XfA75eY33CMdUWUS,44,Carusso Lombardi,Data Analitycs
225,Serú Girán,6CrQKZeuSKNYgrE7PeYqJ1,Llorando En El Espejo,7wQLTfbEvHTuwuOgQ9Oomt,12,Carusso Lombardi,Data Analitycs
226,Oasis,2DaxqgrOhkeH0fpeiQq2f4,Songbird,7yDh4GJAoiAJJg2lPaSt4X,51,Carusso Lombardi,Data Analitycs
227,Ice Cube,3Mcii5XWf6E0lrY3Uky4cA,Hello,60uesDF4UyLUs61FgiDkdp,61,Carusso Lombardi,Data Analitycs
228,Oasis,2DaxqgrOhkeH0fpeiQq2f4,It's Better People - Remastered,2x4bx10t6R3ND7gQF2gOSy,30,Carusso Lombardi,Data Analitycs
229,Oasis,2DaxqgrOhkeH0fpeiQq2f4,"Live Forever - Live at Knebworth, 10 August '96",6wIbilcEpwjuDE8n9JMhSl,31,Carusso Lombardi,Data Analitycs
230,Oasis,2DaxqgrOhkeH0fpeiQq2f4,Hey Now - Remastered,0zc2UcrURBMVTyV7J0wrAP,40,Carusso Lombardi,Data Analitycs
231,Oasis,2DaxqgrOhkeH0fpeiQq2f4,Live Forever,1KgfeuVn5OlsBEtoEmBa1t,55,Carusso Lombardi,Data Analitycs
232,Oasis,2DaxqgrOhkeH0fpeiQq2f4,"Morning Glory - Live at Knebworth, 11 August '96",3b4GmwgSyVVClc48cUFhOp,33,Carusso Lombardi,Data Analitycs
233,Oasis,2DaxqgrOhkeH0fpeiQq2f4,"Cast No Shadow - Live at Knebworth, 10 August '96",4xLfzJywChjbzSk8kXUTuG,30,Carusso Lombardi,Data Analitycs
234,Oasis,2DaxqgrOhkeH0fpeiQq2f4,"My Big Mouth - Live at Knebworth, 10 August '96",6CMBAYqqVtquT42D8MaBVH,36,Carusso Lombardi,Data Analitycs
235,Oasis,2DaxqgrOhkeH0fpeiQq2f4,"Slide Away - Live at Knebworth, 11 August '96",7fUSME2N2Aiz7tH5Oog0Gj,34,Carusso Lombardi,Data Analitycs
236,Oasis,2DaxqgrOhkeH0fpeiQq2f4,Roll with It - Remastered,05CNnC9ugYgnJgg6fIgyeQ,45,Carusso Lombardi,Data Analitycs
237,Oasis,2DaxqgrOhkeH0fpeiQq2f4,Step Out - Remastered,0E8QuZqZjKe7agk7xUr0PC,32,Carusso Lombardi,Data Analitycs
238,Serú Girán,6CrQKZeuSKNYgrE7PeYqJ1,Cinema Verité,1DcRTgxscYvCBZaOGJ4MS8,11,Carusso Lombardi,Data Analitycs
239,Serú Girán,6CrQKZeuSKNYgrE7PeYqJ1,Nos Veremos Otra Vez,1FBdUVBQsG8suMoKaF3GOi,52,Carusso Lombardi,Data Analitycs
240,Oasis,2DaxqgrOhkeH0fpeiQq2f4,You've Got to Hide Your Love Away - Remastered,1V9Pf732OdBhGg2ATDbr0g,32,Carusso Lombardi,Data Analitycs
241,Oasis,2DaxqgrOhkeH0fpeiQq2f4,The Swamp Song - Remastered,1fegDwyryqzBNk7e0xyNiu,25,Carusso Lombardi,Data Analitycs
242,Oasis,2DaxqgrOhkeH0fpeiQq2f4,"Acquiesce - Live at Knebworth, 10 August '96",1nsdOS0xBB6d7WBxvg7Sl1,34,Carusso Lombardi,Data Analitycs
243,Oasis,2DaxqgrOhkeH0fpeiQq2f4,"Cigarettes & Alcohol - Live at Knebworth, 10 August '96",27ChiGRrlRpy7TxbdspIsF,31,Carusso Lombardi,Data Analitycs
244,Dillom,4cJD9t5QBFTUQcd3xfbOb2,OPA,2Z4FBa6hAEh7VTHYCqXy7P,59,Carusso Lombardi,Data Analitycs
245,Oasis,2DaxqgrOhkeH0fpeiQq2f4,"It's Gettin' Better (Man!!) - Live at Knebworth, 11 August '96",2unqfNWhRtEZNpGUCwzYsW,36,Carusso Lombardi,Data Analitycs
246,Oasis,2DaxqgrOhkeH0fpeiQq2f4,Champagne Supernova - Remastered,2zxXXdJUeW8TW3Irt2yLcE,33,Carusso Lombardi,Data Analitycs
247,Ice Cube,3Mcii5XWf6E0lrY3Uky4cA,You Can Do It,4NTn0Yo8hTGW5tbBANBzfh,60,Carusso Lombardi,Data Analitycs
248,Serú Girán,6CrQKZeuSKNYgrE7PeYqJ1,Salir De La Melancolía,4T9Elo8e4WcZzWm6PF3WgW,50,Carusso Lombardi,Data Analitycs
249,Oasis,2DaxqgrOhkeH0fpeiQq2f4,Round Are Way - Remastered,4VbvvkVr4i5ZDraIWH2z6W,30,Carusso Lombardi,Data Analitycs
250,Serú Girán,6CrQKZeuSKNYgrE7PeYqJ1,Cinema Verité,6Pc5YpUReYYToXJ23TmkLS,45,lore.censori,Data Analitycs
251,Ice Cube,3Mcii5XWf6E0lrY3Uky4cA,Ain't Got No Haters (feat. Too Short),3C2BKKKa7xrz2uWqIN1Mnh,62,lore.censori,Data Analitycs
252,Dillom,4cJD9t5QBFTUQcd3xfbOb2,PELOTUDA,65zh1W9YBpgGlS4G98mI0v,57,lore.censori,Data Analitycs
253,Ice Cube,3Mcii5XWf6E0lrY3Uky4cA,Until We Rich,6l3b8BOBDRDM1ne9fpOygz,55,lore.censori,Data Analitycs
254,Serú Girán,6CrQKZeuSKNYgrE7PeYqJ1,Eiti-Leda (Remasterizado 2021),6kbpMfsWlfpB2zFTDUH92f,44,lore.censori,Data Analitycs
255,Oasis,2DaxqgrOhkeH0fpeiQq2f4,Hello - Remastered,2LmwUKeGCJZUKHKwOrX3Xb,41,lore.censori,Data Analitycs
256,Serú Girán,6CrQKZeuSKNYgrE7PeYqJ1,Seminare (Remasterizado 2021),61zbxB39zUY5oxBvEvvMYv,58,lore.censori,Data Analitycs
257,Bizarrap,716NhGYqD1jl2wI1Qkgq36,"Dillom: Bzrp Music Sessions, Vol. 9",6Vwfjz5LsHKTYY5IzhKW2A,61,lore.censori,Data Analitycs
258,Dillom,4cJD9t5QBFTUQcd3xfbOb2,LA PRIMERA,4YKP5UKFofcfW7EMjIsVvG,61,lore.censori,Data Analitycs
259,Oasis,2DaxqgrOhkeH0fpeiQq2f4,"Some Might Say - Live at Knebworth, 11 August '96",7lx3aYyDWBaOujNhm7XhGM,34,lore.censori,Data Analitycs
260,Oasis,2DaxqgrOhkeH0fpeiQq2f4,Don't Look Back in Anger - Remastered,0UvCh63URrLFcPkKt99hHd,70,lore.censori,Data Analitycs
261,Sui Generis,5lCqW8vcd4TyTHzGIuKdH8,"Quizás, Porque",1qa1RJbrfCOZ8ptY73DzS1,48,lore.censori,Data Analitycs
262,Serú Girán,6CrQKZeuSKNYgrE7PeYqJ1,Canción De Alicia En El País - Remastered 2012,519WGo9DQCtYP72a7Lmprj,43,lore.censori,Data Analitycs
263,Ice Cube,3Mcii5XWf6E0lrY3Uky4cA,Why We Thugs,5880eYQmXx3c3oD22IljIt,64,lore.censori,Data Analitycs
264,Oasis,2DaxqgrOhkeH0fpeiQq2f4,"Roll with It - Live at Knebworth, 11 August '96",4EZg3XIoQLLMeO8gK5rDzi,32,lore.censori,Data Analitycs
265,Oasis,2DaxqgrOhkeH0fpeiQq2f4,Stand by Me,7aSSsHnGQ54rbMZpXApmtU,57,lore.censori,Data Analitycs
266,Oasis,2DaxqgrOhkeH0fpeiQq2f4,She's Electric - Remastered,02ePjHjIiszSYqeLykvpTN,51,lore.censori,Data Analitycs
267,Oasis,2DaxqgrOhkeH0fpeiQq2f4,"The Masterplan - Live at Knebworth, 10 August '96",1BaoPBo6zT6sOAc0pHIIj1,30,lore.censori,Data Analitycs
268,Oasis,2DaxqgrOhkeH0fpeiQq2f4,Champagne Supernova - Remastered,1wo3UYTeizJHkwYIuLuBPF,62,lore.censori,Data Analitycs
269,Oasis,2DaxqgrOhkeH0fpeiQq2f4,Cum On Feel The Noize - Remastered,21I2d2zrIHJNPeaeGG5J3Y,33,lore.censori,Data Analitycs
270,Oasis,2DaxqgrOhkeH0fpeiQq2f4,"Hello - Live at Knebworth, 11 August '96",37qTDOp7dvIYp6MBbABofC,33,lore.censori,Data Analitycs
271,Dillom,4cJD9t5QBFTUQcd3xfbOb2,ROCKETPOWERS,3z8rcgJdQo2g2G4VijeLpl,58,lore.censori,Data Analitycs
272,Oasis,2DaxqgrOhkeH0fpeiQq2f4,Wonderwall - Remastered,5qqabIl2vWzo9ApSC317sa,75,lore.censori,Data Analitycs
273,Oasis,2DaxqgrOhkeH0fpeiQq2f4,The Masterplan - Remastered,6Lcnoknad0SItzXiXUB1FF,42,lore.censori,Data Analitycs
274,Serú Girán,6CrQKZeuSKNYgrE7PeYqJ1,Parado En El Medio De La Vida,72bSY7XfA75eY33CMdUWUS,44,lore.censori,Data Analitycs
275,Serú Girán,6CrQKZeuSKNYgrE7PeYqJ1,Llorando En El Espejo,7wQLTfbEvHTuwuOgQ9Oomt,12,lore.censori,Data Analitycs
276,Oasis,2DaxqgrOhkeH0fpeiQq2f4,Songbird,7yDh4GJAoiAJJg2lPaSt4X,51,lore.censori,Data Analitycs
277,Ice Cube,3Mcii5XWf6E0lrY3Uky4cA,Hello,60uesDF4UyLUs61FgiDkdp,61,lore.censori,Data Analitycs
278,Oasis,2DaxqgrOhkeH0fpeiQq2f4,It's Better People - Remastered,2x4bx10t6R3ND7gQF2gOSy,30,lore.censori,Data Analitycs
279,Oasis,2DaxqgrOhkeH0fpeiQq2f4,"Live Forever - Live at Knebworth, 10 August '96",6wIbilcEpwjuDE8n9JMhSl,31,lore.censori,Data Analitycs
280,Oasis,2DaxqgrOhkeH0fpeiQq2f4,Hey Now - Remastered,0zc2UcrURBMVTyV7J0wrAP,40,lore.censori,Data Analitycs
281,Oasis,2DaxqgrOhkeH0fpeiQq2f4,Live Forever,1KgfeuVn5OlsBEtoEmBa1t,55,lore.censori,Data Analitycs
282,Oasis,2DaxqgrOhkeH0fpeiQq2f4,"Morning Glory - Live at Knebworth, 11 August '96",3b4GmwgSyVVClc48cUFhOp,33,lore.censori,Data Analitycs
283,Oasis,2DaxqgrOhkeH0fpeiQq2f4,"Cast No Shadow - Live at Knebworth, 10 August '96",4xLfzJywChjbzSk8kXUTuG,30,lore.censori,Data Analitycs
284,Oasis,2DaxqgrOhkeH0fpeiQq2f4,"My Big Mouth - Live at Knebworth, 10 August '96",6CMBAYqqVtquT42D8MaBVH,36,lore.censori,Data Analitycs
285,Oasis,2DaxqgrOhkeH0fpeiQq2f4,"Slide Away - Live at Knebworth, 11 August '96",7fUSME2N2Aiz7tH5Oog0Gj,34,lore.censori,Data Analitycs
286,Oasis,2DaxqgrOhkeH0fpeiQq2f4,Roll with It - Remastered,05CNnC9ugYgnJgg6fIgyeQ,45,lore.censori,Data Analitycs
287,Oasis,2DaxqgrOhkeH0fpeiQq2f4,Step Out - Remastered,0E8QuZqZjKe7agk7xUr0PC,32,lore.censori,Data Analitycs
288,Serú Girán,6CrQKZeuSKNYgrE7PeYqJ1,Cinema Verité,1DcRTgxscYvCBZaOGJ4MS8,11,lore.censori,Data Analitycs
289,Serú Girán,6CrQKZeuSKNYgrE7PeYqJ1,Nos Veremos Otra Vez,1FBdUVBQsG8suMoKaF3GOi,52,lore.censori,Data Analitycs
290,Oasis,2DaxqgrOhkeH0fpeiQq2f4,You've Got to Hide Your Love Away - Remastered,1V9Pf732OdBhGg2ATDbr0g,32,lore.censori,Data Analitycs
291,Oasis,2DaxqgrOhkeH0fpeiQq2f4,The Swamp Song - Remastered,1fegDwyryqzBNk7e0xyNiu,25,lore.censori,Data Analitycs
292,Oasis,2DaxqgrOhkeH0fpeiQq2f4,"Acquiesce - Live at Knebworth, 10 August '96",1nsdOS0xBB6d7WBxvg7Sl1,34,lore.censori,Data Analitycs
293,Oasis,2DaxqgrOhkeH0fpeiQq2f4,"Cigarettes & Alcohol - Live at Knebworth, 10 August '96",27ChiGRrlRpy7TxbdspIsF,31,lore.censori,Data Analitycs
294,Dillom,4cJD9t5QBFTUQcd3xfbOb2,OPA,2Z4FBa6hAEh7VTHYCqXy7P,59,lore.censori,Data Analitycs
295,Oasis,2DaxqgrOhkeH0fpeiQq2f4,"It's Gettin' Better (Man!!) - Live at Knebworth, 11 August '96",2unqfNWhRtEZNpGUCwzYsW,36,lore.censori,Data Analitycs
296,Oasis,2DaxqgrOhkeH0fpeiQq2f4,Champagne Supernova - Remastered,2zxXXdJUeW8TW3Irt2yLcE,33,lore.censori,Data Analitycs
297,Ice Cube,3Mcii5XWf6E0lrY3Uky4cA,You Can Do It,4NTn0Yo8hTGW5tbBANBzfh,60,lore.censori,Data Analitycs
298,Serú Girán,6CrQKZeuSKNYgrE7PeYqJ1,Salir De La Melancolía,4T9Elo8e4WcZzWm6PF3WgW,50,lore.censori,Data Analitycs
299,Oasis,2DaxqgrOhkeH0fpeiQq2f4,Round Are Way - Remastered,4VbvvkVr4i5ZDraIWH2z6W,30,lore.censori,Data Analitycs
300,Serú Girán,6CrQKZeuSKNYgrE7PeYqJ1,Cinema Verité,6Pc5YpUReYYToXJ23TmkLS,45,Enzo Nahuel Alanis ,Data Analitycs
301,Ice Cube,3Mcii5XWf6E0lrY3Uky4cA,Ain't Got No Haters (feat. Too Short),3C2BKKKa7xrz2uWqIN1Mnh,62,Enzo Nahuel Alanis ,Data Analitycs
302,Dillom,4cJD9t5QBFTUQcd3xfbOb2,PELOTUDA,65zh1W9YBpgGlS4G98mI0v,57,Enzo Nahuel Alanis ,Data Analitycs
303,Ice Cube,3Mcii5XWf6E0lrY3Uky4cA,Until We Rich,6l3b8BOBDRDM1ne9fpOygz,55,Enzo Nahuel Alanis ,Data Analitycs
304,Serú Girán,6CrQKZeuSKNYgrE7PeYqJ1,Eiti-Leda (Remasterizado 2021),6kbpMfsWlfpB2zFTDUH92f,44,Enzo Nahuel Alanis ,Data Analitycs
305,Oasis,2DaxqgrOhkeH0fpeiQq2f4,Hello - Remastered,2LmwUKeGCJZUKHKwOrX3Xb,41,Enzo Nahuel Alanis ,Data Analitycs
306,Serú Girán,6CrQKZeuSKNYgrE7PeYqJ1,Seminare (Remasterizado 2021),61zbxB39zUY5oxBvEvvMYv,58,Enzo Nahuel Alanis ,Data Analitycs
307,Bizarrap,716NhGYqD1jl2wI1Qkgq36,"Dillom: Bzrp Music Sessions, Vol. 9",6Vwfjz5LsHKTYY5IzhKW2A,61,Enzo Nahuel Alanis ,Data Analitycs
308,Dillom,4cJD9t5QBFTUQcd3xfbOb2,LA PRIMERA,4YKP5UKFofcfW7EMjIsVvG,61,Enzo Nahuel Alanis ,Data Analitycs
309,Oasis,2DaxqgrOhkeH0fpeiQq2f4,"Some Might Say - Live at Knebworth, 11 August '96",7lx3aYyDWBaOujNhm7XhGM,34,Enzo Nahuel Alanis ,Data Analitycs
310,Oasis,2DaxqgrOhkeH0fpeiQq2f4,Don't Look Back in Anger - Remastered,0UvCh63URrLFcPkKt99hHd,70,Enzo Nahuel Alanis ,Data Analitycs
311,Sui Generis,5lCqW8vcd4TyTHzGIuKdH8,"Quizás, Porque",1qa1RJbrfCOZ8ptY73DzS1,48,Enzo Nahuel Alanis ,Data Analitycs
312,Serú Girán,6CrQKZeuSKNYgrE7PeYqJ1,Canción De Alicia En El País - Remastered 2012,519WGo9DQCtYP72a7Lmprj,43,Enzo Nahuel Alanis ,Data Analitycs
313,Ice Cube,3Mcii5XWf6E0lrY3Uky4cA,Why We Thugs,5880eYQmXx3c3oD22IljIt,64,Enzo Nahuel Alanis ,Data Analitycs
314,Oasis,2DaxqgrOhkeH0fpeiQq2f4,"Roll with It - Live at Knebworth, 11 August '96",4EZg3XIoQLLMeO8gK5rDzi,32,Enzo Nahuel Alanis ,Data Analitycs
315,Oasis,2DaxqgrOhkeH0fpeiQq2f4,Stand by Me,7aSSsHnGQ54rbMZpXApmtU,57,Enzo Nahuel Alanis ,Data Analitycs
316,Oasis,2DaxqgrOhkeH0fpeiQq2f4,She's Electric - Remastered,02ePjHjIiszSYqeLykvpTN,51,Enzo Nahuel Alanis ,Data Analitycs
317,Oasis,2DaxqgrOhkeH0fpeiQq2f4,"The Masterplan - Live at Knebworth, 10 August '96",1BaoPBo6zT6sOAc0pHIIj1,30,Enzo Nahuel Alanis ,Data Analitycs
318,Oasis,2DaxqgrOhkeH0fpeiQq2f4,Champagne Supernova - Remastered,1wo3UYTeizJHkwYIuLuBPF,62,Enzo Nahuel Alanis ,Data Analitycs
319,Oasis,2DaxqgrOhkeH0fpeiQq2f4,Cum On Feel The Noize - Remastered,21I2d2zrIHJNPeaeGG5J3Y,33,Enzo Nahuel Alanis ,Data Analitycs
320,Oasis,2DaxqgrOhkeH0fpeiQq2f4,"Hello - Live at Knebworth, 11 August '96",37qTDOp7dvIYp6MBbABofC,33,Enzo Nahuel Alanis ,Data Analitycs
321,Dillom,4cJD9t5QBFTUQcd3xfbOb2,ROCKETPOWERS,3z8rcgJdQo2g2G4VijeLpl,58,Enzo Nahuel Alanis ,Data Analitycs
322,Oasis,2DaxqgrOhkeH0fpeiQq2f4,Wonderwall - Remastered,5qqabIl2vWzo9ApSC317sa,75,Enzo Nahuel Alanis ,Data Analitycs
323,Oasis,2DaxqgrOhkeH0fpeiQq2f4,The Masterplan - Remastered,6Lcnoknad0SItzXiXUB1FF,42,Enzo Nahuel Alanis ,Data Analitycs
324,Serú Girán,6CrQKZeuSKNYgrE7PeYqJ1,Parado En El Medio De La Vida,72bSY7XfA75eY33CMdUWUS,44,Enzo Nahuel Alanis ,Data Analitycs
325,Serú Girán,6CrQKZeuSKNYgrE7PeYqJ1,Llorando En El Espejo,7wQLTfbEvHTuwuOgQ9Oomt,12,Enzo Nahuel Alanis ,Data Analitycs
326,Oasis,2DaxqgrOhkeH0fpeiQq2f4,Songbird,7yDh4GJAoiAJJg2lPaSt4X,51,Enzo Nahuel Alanis ,Data Analitycs
327,Ice Cube,3Mcii5XWf6E0lrY3Uky4cA,Hello,60uesDF4UyLUs61FgiDkdp,61,Enzo Nahuel Alanis ,Data Analitycs
328,Oasis,2DaxqgrOhkeH0fpeiQq2f4,It's Better People - Remastered,2x4bx10t6R3ND7gQF2gOSy,30,Enzo Nahuel Alanis ,Data Analitycs
329,Oasis,2DaxqgrOhkeH0fpeiQq2f4,"Live Forever - Live at Knebworth, 10 August '96",6wIbilcEpwjuDE8n9JMhSl,31,Enzo Nahuel Alanis ,Data Analitycs
330,Oasis,2DaxqgrOhkeH0fpeiQq2f4,Hey Now - Remastered,0zc2UcrURBMVTyV7J0wrAP,40,Enzo Nahuel Alanis ,Data Analitycs
331,Oasis,2DaxqgrOhkeH0fpeiQq2f4,Live Forever,1KgfeuVn5OlsBEtoEmBa1t,55,Enzo Nahuel Alanis ,Data Analitycs
332,Oasis,2DaxqgrOhkeH0fpeiQq2f4,"Morning Glory - Live at Knebworth, 11 August '96",3b4GmwgSyVVClc48cUFhOp,33,Enzo Nahuel Alanis ,Data Analitycs
333,Oasis,2DaxqgrOhkeH0fpeiQq2f4,"Cast No Shadow - Live at Knebworth, 10 August '96",4xLfzJywChjbzSk8kXUTuG,30,Enzo Nahuel Alanis ,Data Analitycs
334,Oasis,2DaxqgrOhkeH0fpeiQq2f4,"My Big Mouth - Live at Knebworth, 10 August '96",6CMBAYqqVtquT42D8MaBVH,36,Enzo Nahuel Alanis ,Data Analitycs
335,Oasis,2DaxqgrOhkeH0fpeiQq2f4,"Slide Away - Live at Knebworth, 11 August '96",7fUSME2N2Aiz7tH5Oog0Gj,34,Enzo Nahuel Alanis ,Data Analitycs
336,Oasis,2DaxqgrOhkeH0fpeiQq2f4,Roll with It - Remastered,05CNnC9ugYgnJgg6fIgyeQ,45,Enzo Nahuel Alanis ,Data Analitycs
337,Oasis,2DaxqgrOhkeH0fpeiQq2f4,Step Out - Remastered,0E8QuZqZjKe7agk7xUr0PC,32,Enzo Nahuel Alanis ,Data Analitycs
338,Serú Girán,6CrQKZeuSKNYgrE7PeYqJ1,Cinema Verité,1DcRTgxscYvCBZaOGJ4MS8,11,Enzo Nahuel Alanis ,Data Analitycs
339,Serú Girán,6CrQKZeuSKNYgrE7PeYqJ1,Nos Veremos Otra Vez,1FBdUVBQsG8suMoKaF3GOi,52,Enzo Nahuel Alanis ,Data Analitycs
340,Oasis,2DaxqgrOhkeH0fpeiQq2f4,You've Got to Hide Your Love Away - Remastered,1V9Pf732OdBhGg2ATDbr0g,32,Enzo Nahuel Alanis ,Data Analitycs
341,Oasis,2DaxqgrOhkeH0fpeiQq2f4,The Swamp Song - Remastered,1fegDwyryqzBNk7e0xyNiu,25,Enzo Nahuel Alanis ,Data Analitycs
342,Oasis,2DaxqgrOhkeH0fpeiQq2f4,"Acquiesce - Live at Knebworth, 10 August '96",1nsdOS0xBB6d7WBxvg7Sl1,34,Enzo Nahuel Alanis ,Data Analitycs
343,Oasis,2DaxqgrOhkeH0fpeiQq2f4,"Cigarettes & Alcohol - Live at Knebworth, 10 August '96",27ChiGRrlRpy7TxbdspIsF,31,Enzo Nahuel Alanis ,Data Analitycs
344,Dillom,4cJD9t5QBFTUQcd3xfbOb2,OPA,2Z4FBa6hAEh7VTHYCqXy7P,59,Enzo Nahuel Alanis ,Data Analitycs
345,Oasis,2DaxqgrOhkeH0fpeiQq2f4,"It's Gettin' Better (Man!!) - Live at Knebworth, 11 August '96",2unqfNWhRtEZNpGUCwzYsW,36,Enzo Nahuel Alanis ,Data Analitycs
346,Oasis,2DaxqgrOhkeH0fpeiQq2f4,Champagne Supernova - Remastered,2zxXXdJUeW8TW3Irt2yLcE,33,Enzo Nahuel Alanis ,Data Analitycs
347,Ice Cube,3Mcii5XWf6E0lrY3Uky4cA,You Can Do It,4NTn0Yo8hTGW5tbBANBzfh,60,Enzo Nahuel Alanis ,Data Analitycs
348,Serú Girán,6CrQKZeuSKNYgrE7PeYqJ1,Salir De La Melancolía,4T9Elo8e4WcZzWm6PF3WgW,50,Enzo Nahuel Alanis ,Data Analitycs
349,Oasis,2DaxqgrOhkeH0fpeiQq2f4,Round Are Way - Remastered,4VbvvkVr4i5ZDraIWH2z6W,30,Enzo Nahuel Alanis ,Data Analitycs
350,Serú Girán,6CrQKZeuSKNYgrE7PeYqJ1,Cinema Verité,6Pc5YpUReYYToXJ23TmkLS,45,Roman,Data Analitycs
351,Ice Cube,3Mcii5XWf6E0lrY3Uky4cA,Ain't Got No Haters (feat. Too Short),3C2BKKKa7xrz2uWqIN1Mnh,62,Roman,Data Analitycs
352,Dillom,4cJD9t5QBFTUQcd3xfbOb2,PELOTUDA,65zh1W9YBpgGlS4G98mI0v,57,Roman,Data Analitycs
353,Ice Cube,3Mcii5XWf6E0lrY3Uky4cA,Until We Rich,6l3b8BOBDRDM1ne9fpOygz,55,Roman,Data Analitycs
354,Serú Girán,6CrQKZeuSKNYgrE7PeYqJ1,Eiti-Leda (Remasterizado 2021),6kbpMfsWlfpB2zFTDUH92f,44,Roman,Data Analitycs
355,Oasis,2DaxqgrOhkeH0fpeiQq2f4,Hello - Remastered,2LmwUKeGCJZUKHKwOrX3Xb,41,Roman,Data Analitycs
356,Serú Girán,6CrQKZeuSKNYgrE7PeYqJ1,Seminare (Remasterizado 2021),61zbxB39zUY5oxBvEvvMYv,58,Roman,Data Analitycs
357,Bizarrap,716NhGYqD1jl2wI1Qkgq36,"Dillom: Bzrp Music Sessions, Vol. 9",6Vwfjz5LsHKTYY5IzhKW2A,61,Roman,Data Analitycs
358,Dillom,4cJD9t5QBFTUQcd3xfbOb2,LA PRIMERA,4YKP5UKFofcfW7EMjIsVvG,61,Roman,Data Analitycs
359,Oasis,2DaxqgrOhkeH0fpeiQq2f4,"Some Might Say - Live at Knebworth, 11 August '96",7lx3aYyDWBaOujNhm7XhGM,34,Roman,Data Analitycs
360,Oasis,2DaxqgrOhkeH0fpeiQq2f4,Don't Look Back in Anger - Remastered,0UvCh63URrLFcPkKt99hHd,70,Roman,Data Analitycs
361,Sui Generis,5lCqW8vcd4TyTHzGIuKdH8,"Quizás, Porque",1qa1RJbrfCOZ8ptY73DzS1,48,Roman,Data Analitycs
362,Serú Girán,6CrQKZeuSKNYgrE7PeYqJ1,Canción De Alicia En El País - Remastered 2012,519WGo9DQCtYP72a7Lmprj,43,Roman,Data Analitycs
363,Ice Cube,3Mcii5XWf6E0lrY3Uky4cA,Why We Thugs,5880eYQmXx3c3oD22IljIt,64,Roman,Data Analitycs
364,Oasis,2DaxqgrOhkeH0fpeiQq2f4,"Roll with It - Live at Knebworth, 11 August '96",4EZg3XIoQLLMeO8gK5rDzi,32,Roman,Data Analitycs
365,Oasis,2DaxqgrOhkeH0fpeiQq2f4,Stand by Me,7aSSsHnGQ54rbMZpXApmtU,57,Roman,Data Analitycs
366,Oasis,2DaxqgrOhkeH0fpeiQq2f4,She's Electric - Remastered,02ePjHjIiszSYqeLykvpTN,51,Roman,Data Analitycs
367,Oasis,2DaxqgrOhkeH0fpeiQq2f4,"The Masterplan - Live at Knebworth, 10 August '96",1BaoPBo6zT6sOAc0pHIIj1,30,Roman,Data Analitycs
368,Oasis,2DaxqgrOhkeH0fpeiQq2f4,Champagne Supernova - Remastered,1wo3UYTeizJHkwYIuLuBPF,62,Roman,Data Analitycs
369,Oasis,2DaxqgrOhkeH0fpeiQq2f4,Cum On Feel The Noize - Remastered,21I2d2zrIHJNPeaeGG5J3Y,33,Roman,Data Analitycs
370,Oasis,2DaxqgrOhkeH0fpeiQq2f4,"Hello - Live at Knebworth, 11 August '96",37qTDOp7dvIYp6MBbABofC,33,Roman,Data Analitycs
371,Dillom,4cJD9t5QBFTUQcd3xfbOb2,ROCKETPOWERS,3z8rcgJdQo2g2G4VijeLpl,58,Roman,Data Analitycs
372,Oasis,2DaxqgrOhkeH0fpeiQq2f4,Wonderwall - Remastered,5qqabIl2vWzo9ApSC317sa,75,Roman,Data Analitycs
373,Oasis,2DaxqgrOhkeH0fpeiQq2f4,The Masterplan - Remastered,6Lcnoknad0SItzXiXUB1FF,42,Roman,Data Analitycs
374,Serú Girán,6CrQKZeuSKNYgrE7PeYqJ1,Parado En El Medio De La Vida,72bSY7XfA75eY33CMdUWUS,44,Roman,Data Analitycs
375,Serú Girán,6CrQKZeuSKNYgrE7PeYqJ1,Llorando En El Espejo,7wQLTfbEvHTuwuOgQ9Oomt,12,Roman,Data Analitycs
376,Oasis,2DaxqgrOhkeH0fpeiQq2f4,Songbird,7yDh4GJAoiAJJg2lPaSt4X,51,Roman,Data Analitycs
377,Ice Cube,3Mcii5XWf6E0lrY3Uky4cA,Hello,60uesDF4UyLUs61FgiDkdp,61,Roman,Data Analitycs
378,Oasis,2DaxqgrOhkeH0fpeiQq2f4,It's Better People - Remastered,2x4bx10t6R3ND7gQF2gOSy,30,Roman,Data Analitycs
379,Oasis,2DaxqgrOhkeH0fpeiQq2f4,"Live Forever - Live at Knebworth, 10 August '96",6wIbilcEpwjuDE8n9JMhSl,31,Roman,Data Analitycs
380,Oasis,2DaxqgrOhkeH0fpeiQq2f4,Hey Now - Remastered,0zc2UcrURBMVTyV7J0wrAP,40,Roman,Data Analitycs
381,Oasis,2DaxqgrOhkeH0fpeiQq2f4,Live Forever,1KgfeuVn5OlsBEtoEmBa1t,55,Roman,Data Analitycs
382,Oasis,2DaxqgrOhkeH0fpeiQq2f4,"Morning Glory - Live at Knebworth, 11 August '96",3b4GmwgSyVVClc48cUFhOp,33,Roman,Data Analitycs
383,Oasis,2DaxqgrOhkeH0fpeiQq2f4,"Cast No Shadow - Live at Knebworth, 10 August '96",4xLfzJywChjbzSk8kXUTuG,30,Roman,Data Analitycs
384,Oasis,2DaxqgrOhkeH0fpeiQq2f4,"My Big Mouth - Live at Knebworth, 10 August '96",6CMBAYqqVtquT42D8MaBVH,36,Roman,Data Analitycs
385,Oasis,2DaxqgrOhkeH0fpeiQq2f4,"Slide Away - Live at Knebworth, 11 August '96",7fUSME2N2Aiz7tH5Oog0Gj,34,Roman,Data Analitycs
386,Oasis,2DaxqgrOhkeH0fpeiQq2f4,Roll with It - Remastered,05CNnC9ugYgnJgg6fIgyeQ,45,Roman,Data Analitycs
387,Oasis,2DaxqgrOhkeH0fpeiQq2f4,Step Out - Remastered,0E8QuZqZjKe7agk7xUr0PC,32,Roman,Data Analitycs
388,Serú Girán,6CrQKZeuSKNYgrE7PeYqJ1,Cinema Verité,1DcRTgxscYvCBZaOGJ4MS8,11,Roman,Data Analitycs
389,Serú Girán,6CrQKZeuSKNYgrE7PeYqJ1,Nos Veremos Otra Vez,1FBdUVBQsG8suMoKaF3GOi,52,Roman,Data Analitycs
390,Oasis,2DaxqgrOhkeH0fpeiQq2f4,You've Got to Hide Your Love Away - Remastered,1V9Pf732OdBhGg2ATDbr0g,32,Roman,Data Analitycs
391,Oasis,2DaxqgrOhkeH0fpeiQq2f4,The Swamp Song - Remastered,1fegDwyryqzBNk7e0xyNiu,25,Roman,Data Analitycs
392,Oasis,2DaxqgrOhkeH0fpeiQq2f4,"Acquiesce - Live at Knebworth, 10 August '96",1nsdOS0xBB6d7WBxvg7Sl1,34,Roman,Data Analitycs
393,Oasis,2DaxqgrOhkeH0fpeiQq2f4,"Cigarettes & Alcohol - Live at Knebworth, 10 August '96",27ChiGRrlRpy7TxbdspIsF,31,Roman,Data Analitycs
394,Dillom,4cJD9t5QBFTUQcd3xfbOb2,OPA,2Z4FBa6hAEh7VTHYCqXy7P,59,Roman,Data Analitycs
395,Oasis,2DaxqgrOhkeH0fpeiQq2f4,"It's Gettin' Better (Man!!) - Live at Knebworth, 11 August '96",2unqfNWhRtEZNpGUCwzYsW,36,Roman,Data Analitycs
396,Oasis,2DaxqgrOhkeH0fpeiQq2f4,Champagne Supernova - Remastered,2zxXXdJUeW8TW3Irt2yLcE,33,Roman,Data Analitycs
397,Ice Cube,3Mcii5XWf6E0lrY3Uky4cA,You Can Do It,4NTn0Yo8hTGW5tbBANBzfh,60,Roman,Data Analitycs
398,Serú Girán,6CrQKZeuSKNYgrE7PeYqJ1,Salir De La Melancolía,4T9Elo8e4WcZzWm6PF3WgW,50,Roman,Data Analitycs
399,Oasis,2DaxqgrOhkeH0fpeiQq2f4,Round Are Way - Remastered,4VbvvkVr4i5ZDraIWH2z6W,30,Roman,Data Analitycs
